Metric,Value
RMSE,11014.035853712989
MAE,8124.451413531468
R²,0.991250941056415
